lung_cancer
Name,Surname,Age,Smokes,AreaQ,Alkhol
John,Wick,35,3,5,4
John,Constantine,27,20,2,5
Camela,Anderson,30,0,5,2
Alex,Telles,28,0,8,1
Diego,Maradona,68,4,5,6
Cristiano,Ronaldo,34,0,10,0
Mihail,Tal,58,15,10,0
Kathy,Bates,22,12,5,2
Nicole,Kidman,45,2,6,0
Ray,Milland,52,18,4,5
Fredric,March,33,4,8,0
Yul,Brynner,18,10,6,3
Joan,Crawford,25,2,5,1
Jane,Wyman,28,20,2,8
Anna,Magnani,34,25,4,8
Katharine ,Hepburn,39,18,8,1
Katharine ,Hepburn,42,22,3,5
Barbra,Streisand,19,12,8,0
Maggie ,Smith,62,5,4,3
Glenda ,Jackson,73,10,7,6
Jane ,Fonda,55,15,1,3
Maximilian ,Schell,33,8,8,1
Gregory ,Peck,22,20,6,2
Sidney ,Poitier,44,5,8,1
Rex ,Harrison,77,3,2,6
Lee ,Marvin,21,20,5,3
Paul ,Scofield,37,15,6,2
Rod ,Steiger,34,12,8,0
John ,Wayne,55,20,1,4
Gene ,Hackman,40,20,2,7
Marlon ,Brando,36,13,5,2
Jack ,Lemmon,56,20,3,3
Jack ,Nicholson,47,15,1,8
Peter ,Finch ,62,25,3,4
Richard ,Dreyfuss,26,10,7,2
Dustin ,Hoffman,25,20,8,2
Henry ,Henry ,59,20,3,4
Robert ,Duvall,62,15,5,5
Ellen ,Burstyn,33,25,8,2
Faye ,Dunaway,37,10,5,3
Diane ,Keaton,50,20,2,4
Jane ,Fonda,47,12,8,0
Sally ,Field,69,20,5,4
Sissy ,Spacek,63,20,4,5
Jessica ,Lange,39,15,7,2
Gwyneth ,Paltrow,21,20,8,3
Halle ,Berry,31,20,9,4
Nicole ,Kidman,28,10,4,1
Charlize ,Theron,53,20,6,3
Katharine ,Hepburn,62,20,5,6
Katharine ,Hepburn,42,12,6,2
Barbra ,Streisand,44,30,1,6
Maggie ,Smith,26,34,1,8
Glenda ,Jackson,35,20,5,1
Ernest ,Borgnine,26,13,6,1
Alec ,Guinness,77,20,5,4
Charlton ,Heston,75,15,3,5
Gregory ,Peck,43,30,3,8
Sidney ,Poitier,51,25,9,0